Word,Start,End,length,time_spent,std_time_spent,speed,time,post_space,amplitude,pitch
if,11.58,11.72,2,0.14000000000000057,0.07000000000000028,14.285714285714228,11.65,0.03999999999999915,0.0782720221578115,151.53947313467484
i,11.76,11.84,1,0.08000000000000007,0.08000000000000007,12.49999999999999,11.8,0.17999999999999972,0.26939897701211596,272.2538553860923
told,12.02,12.32,4,0.3000000000000007,0.07500000000000018,13.333333333333302,12.17,0.019999999999999574,0.2131788918553529,260.44075683802276
you,12.34,12.42,3,0.08000000000000007,0.02666666666666669,37.499999999999964,12.379999999999999,0.09999999999999964,0.11255797695643084,237.90967798394317
eight,12.52,12.66,5,0.14000000000000057,0.028000000000000115,35.714285714285566,12.59,0.03999999999999915,0.18011397530911447,232.09168187413076
years,12.7,12.94,5,0.2400000000000002,0.04800000000000004,20.833333333333314,12.82,0.02000000000000135,0.12849828678617886,192.74419011832828
ago,12.96,13.16,3,0.1999999999999993,0.06666666666666643,15.000000000000053,13.06,1.7200000000000006,0.101655618917246,122.8854935813971
that,14.88,14.98,4,0.09999999999999964,0.02499999999999991,40.00000000000014,14.93,0.019999999999999574,0.06556638733170576,143.2017734148739
america,15.0,15.42,7,0.41999999999999993,0.05999999999999999,16.666666666666668,15.21,0.0600000000000005,0.15652456359949685,191.0762417793051
would,15.48,15.6,5,0.11999999999999922,0.023999999999999844,41.66666666666694,15.54,0.040000000000000924,0.09697914096524718,183.54824224530688
reverse,15.64,16.0,7,0.35999999999999943,0.051428571428571344,19.444444444444475,15.82,0.03999999999999915,0.09900449919644366,157.47950903334126
a,16.04,16.08,1,0.03999999999999915,0.03999999999999915,25.000000000000533,16.06,0.0400000000000027,0.07714169697565337,183.75581128759313
great,16.12,16.34,5,0.21999999999999886,0.043999999999999775,22.727272727272844,16.23,0.03999999999999915,0.0950767703695146,192.8460254988396
recession,16.38,16.92,9,0.5400000000000027,0.0600000000000003,16.666666666666583,16.65,1.259999999999998,0.07398527551965738,176.50451749493286
reboot,18.18,18.68,6,0.5,0.08333333333333333,12.0,18.43,0.03999999999999915,0.08689968401642194,187.00055276425087
our,18.72,18.84,3,0.120000000000001,0.040000000000000334,24.999999999999794,18.78,0.03999999999999915,0.20493670894873917,202.91237250215238
auto,18.88,19.14,4,0.26000000000000156,0.06500000000000039,15.384615384615293,19.009999999999998,0.05999999999999872,0.17793326046743815,150.34356758779003
industry,19.2,19.64,8,0.4400000000000013,0.05500000000000016,18.18181818181813,19.42,1.5399999999999991,0.04301047689521834,152.56904899504153
and,21.18,21.32,3,0.14000000000000057,0.046666666666666856,21.428571428571342,21.25,0.0799999999999983,0.05818648442055326,133.68459758004593
unleash,21.4,21.96,7,0.5600000000000023,0.08000000000000032,12.499999999999948,21.68,0.09999999999999787,0.11311453843183927,211.38903876178094
the,22.06,22.12,3,0.060000000000002274,0.020000000000000757,49.9999999999981,22.09,0.05999999999999872,0.11448347149600646,164.23242440512786
longest,22.18,22.62,7,0.4400000000000013,0.06285714285714304,15.909090909090862,22.4,0.4599999999999973,0.11107811423112696,189.05744845607697
of,23.08,23.16,2,0.08000000000000185,0.040000000000000924,24.999999999999424,23.119999999999997,0.05999999999999872,0.03904762586912825,165.71141390498533
job,23.22,23.52,3,0.3000000000000007,0.10000000000000024,9.999999999999977,23.369999999999997,0.03999999999999915,0.1316237019205883,165.6154828495841
creation,23.56,23.98,8,0.4200000000000017,0.05250000000000021,19.04761904761897,23.77,0.03999999999999915,0.06531845811993968,174.02994594613995
in,24.02,24.08,2,0.05999999999999872,0.02999999999999936,33.333333333334046,24.049999999999997,0.0400000000000027,0.05483829631407415,169.40196184372493
our,24.12,24.2,3,0.0799999999999983,0.0266666666666661,37.5000000000008,24.16,0.060000000000002274,0.12314469297055926,177.52313406678542
history,24.26,24.6,7,0.33999999999999986,0.04857142857142855,20.588235294117656,24.43,5.379999999999999,0.043209623468933006,146.4802933729575
if,29.98,30.14,2,0.16000000000000014,0.08000000000000007,12.49999999999999,30.060000000000002,0.03999999999999915,0.12206830171745175,155.27938243388766
i,30.18,30.28,1,0.10000000000000142,0.10000000000000142,9.999999999999858,30.23,0.0799999999999983,0.3814928073227236,254.81193086116102
have,30.36,30.44,4,0.08000000000000185,0.020000000000000462,49.99999999999885,30.4,0.03999999999999915,0.1915264873569465,227.48000853777458
told,30.48,30.8,4,0.3200000000000003,0.08000000000000007,12.49999999999999,30.64,0.03999999999999915,0.3056654222620279,234.24395400118487
you,30.84,30.92,3,0.08000000000000185,0.026666666666667282,37.49999999999913,30.880000000000003,1.3599999999999994,0.1340147387190788,156.2085283302674
that,32.28,32.38,4,0.10000000000000142,0.025000000000000355,39.99999999999943,32.33,0.03999999999999915,0.11249715507429732,155.43875737098503
we,32.42,32.5,2,0.0799999999999983,0.03999999999999915,25.000000000000533,32.46,0.0799999999999983,0.1117374564831252,229.13058359306885
would,32.58,32.68,5,0.10000000000000142,0.020000000000000285,49.99999999999929,32.629999999999995,0.03999999999999915,0.24366995876180766,237.8813264452099
open,32.72,32.98,4,0.259999999999998,0.0649999999999995,15.384615384615502,32.849999999999994,0.04000000000000625,0.18520870830475095,236.56282076513554
up,33.02,33.12,2,0.09999999999999432,0.04999999999999716,20.000000000001137,33.07,0.03999999999999915,0.17685597395537636,209.7757424311775
a,33.16,33.2,1,0.04000000000000625,0.04000000000000625,24.999999999996092,33.18,0.03999999999999915,0.11576660296543678,198.23699126407365
new,33.24,33.38,3,0.14000000000000057,0.046666666666666856,21.428571428571342,33.31,0.05999999999999517,0.111346803857617,218.31900533915083
chapter,33.44,33.96,7,0.5200000000000031,0.07428571428571473,13.46153846153838,33.7,0.0799999999999983,0.14574085180208898,206.5339998557354
with,34.04,34.16,4,0.11999999999999744,0.02999999999999936,33.333333333334046,34.099999999999994,0.0,0.056513950978398377,176.9681978705161
the,34.16,34.2,3,0.04000000000000625,0.013333333333335418,74.99999999998828,34.18,0.05999999999999517,0.09649360641929255,166.62726499500602
cuban,34.26,34.56,5,0.30000000000000426,0.06000000000000085,16.66666666666643,34.41,0.05999999999999517,0.06524157706400123,189.16906589056978
people,34.62,34.88,6,0.2600000000000051,0.04333333333333419,23.076923076922622,34.75,0.8599999999999994,0.06796592265665438,161.07546611237888
shut,35.74,35.98,4,0.23999999999999488,0.05999999999999872,16.666666666667023,35.86,0.04000000000000625,0.14234823998504584,217.49587289558076
down,36.02,36.26,4,0.23999999999999488,0.05999999999999872,16.666666666667023,36.14,0.03999999999999915,0.3592803023151172,220.16513660114083
around,36.3,36.6,6,0.30000000000000426,0.05000000000000071,19.999999999999716,36.45,0.11999999999999744,0.27334079573792436,213.5236805208469
nuclear,36.72,37.1,7,0.38000000000000256,0.05428571428571465,18.421052631578824,36.91,0.03999999999999915,0.19686166121401244,212.9456735555047
weapons,37.14,37.5,7,0.35999999999999943,0.051428571428571344,19.444444444444475,37.32,0.060000000000002274,0.2721978360413515,216.833478180359
program,37.56,37.98,7,0.4199999999999946,0.05999999999999923,16.66666666666688,37.769999999999996,0.020000000000003126,0.26303020665298094,185.9186321924847
without,38.0,38.22,7,0.21999999999999886,0.031428571428571264,31.818181818181984,38.11,0.03999999999999915,0.33784280249193205,191.49795700255171
firing,38.26,38.66,6,0.3999999999999986,0.06666666666666643,15.000000000000053,38.459999999999994,0.0,0.3127479056759602,210.92943577817817
a,38.66,38.7,1,0.04000000000000625,0.04000000000000625,24.999999999996092,38.68,0.0799999999999983,0.2533914520762524,189.33384477290002
shop,38.78,39.1,4,0.3200000000000003,0.08000000000000007,12.49999999999999,38.94,1.1400000000000006,0.2334037993177395,196.18088580819364
take,40.24,40.56,4,0.3200000000000003,0.08000000000000007,12.49999999999999,40.400000000000006,0.0,0.22550397577123768,219.24142659430015
out,40.56,40.74,3,0.17999999999999972,0.05999999999999991,16.666666666666693,40.650000000000006,0.03999999999999915,0.4167534862224115,228.63942521938029
the,40.78,40.84,3,0.060000000000002274,0.020000000000000757,49.9999999999981,40.81,0.05999999999999517,0.1643940241630713,172.7654851129659
master,40.9,41.36,6,0.46000000000000085,0.07666666666666681,13.043478260869541,41.129999999999995,0.020000000000003126,0.2578245150027638,195.1355173068708
mind,41.38,41.78,4,0.3999999999999986,0.09999999999999964,10.000000000000036,41.58,0.10000000000000142,0.1944503272160034,204.2166691664435
of,41.88,42.02,2,0.14000000000000057,0.07000000000000028,14.285714285714228,41.95,0.05999999999999517,0.14142881078673655,169.79987610619875
nine,42.08,42.28,4,0.20000000000000284,0.05000000000000071,19.999999999999716,42.18,0.03999999999999915,0.2506645413043973,205.87376836034815
eleven,42.32,42.72,6,0.3999999999999986,0.06666666666666643,15.000000000000053,42.519999999999996,4.399999999999999,0.1662316976814959,193.67981335092995
told,47.12,47.46,4,0.3400000000000034,0.08500000000000085,11.764705882352823,47.29,0.01999999999999602,0.36860221951774064,258.69530864280205
you,47.48,47.56,3,0.0800000000000054,0.026666666666668466,37.49999999999747,47.519999999999996,0.0799999999999983,0.187113128549249,237.31085500650502
that,47.64,47.74,4,0.10000000000000142,0.025000000000000355,39.99999999999943,47.69,0.03999999999999915,0.2877817874027203,220.41273040102675
we,47.78,47.86,2,0.0799999999999983,0.03999999999999915,25.000000000000533,47.82,0.10000000000000142,0.2228231928384178,237.54682389331066
would,47.96,48.1,5,0.14000000000000057,0.028000000000000115,35.714285714285566,48.03,0.0799999999999983,0.3361905551794486,234.87976948121624
win,48.18,48.42,3,0.240000000000002,0.08000000000000067,12.499999999999897,48.3,0.21999999999999886,0.32372408047168305,255.6503008958574
marriage,48.64,49.12,8,0.4799999999999969,0.05999999999999961,16.666666666666774,48.879999999999995,0.020000000000003126,0.3089134158252136,229.47770335988366
equality,49.14,49.82,8,0.6799999999999997,0.08499999999999996,11.764705882352946,49.480000000000004,0.3399999999999963,0.22428149533616906,198.2288337217458
and,50.16,50.32,3,0.1600000000000037,0.053333333333334565,18.749999999999567,50.239999999999995,0.060000000000002274,0.189028923155895,195.25996634754966
secure,50.38,51.04,6,0.6599999999999966,0.10999999999999943,9.090909090909138,50.71,0.980000000000004,0.3040801124922566,247.06906123293135
right,52.02,52.3,5,0.27999999999999403,0.05599999999999881,17.857142857143238,52.16,1.7600000000000051,0.6084324619338678,257.10978062783727
for,54.06,54.16,3,0.09999999999999432,0.03333333333333144,30.000000000001705,54.11,0.04000000000000625,0.3537037813368663,219.02037045886587
another,54.2,54.6,7,0.3999999999999986,0.05714285714285694,17.500000000000064,54.400000000000006,0.1599999999999966,0.32395574960009793,243.6639235803511
twenty,54.76,55.12,6,0.35999999999999943,0.05999999999999991,16.666666666666693,54.94,0.10000000000000142,0.2540410149283121,276.87317455211064
million,55.22,55.72,7,0.5,0.07142857142857142,14.0,55.47,1.259999999999998,0.2804822825395163,259.43990230115605
citizens,56.98,57.56,8,0.5800000000000054,0.07250000000000068,13.793103448275733,57.269999999999996,7.519999999999996,0.21526153355474398,259.84352719321794
if,65.08,65.22,2,0.14000000000000057,0.07000000000000028,14.285714285714228,65.15,0.04000000000000625,0.10544806090758689,244.2404095336643
i,65.26,65.34,1,0.0799999999999983,0.0799999999999983,12.500000000000266,65.30000000000001,0.11999999999999034,0.32103628394828876,256.20348775921923
told,65.46,65.72,4,0.2600000000000051,0.06500000000000128,15.384615384615081,65.59,0.01999999999999602,0.27311725911219775,271.79751013327507
you,65.74,65.8,3,0.060000000000002274,0.020000000000000757,49.9999999999981,65.77,0.04000000000000625,0.2344796803745705,253.05997476619785
all,65.84,65.92,3,0.0799999999999983,0.0266666666666661,37.5000000000008,65.88,0.060000000000002274,0.3011141821117197,252.3342521382229
that,65.98,66.22,4,0.23999999999999488,0.05999999999999872,16.666666666667023,66.1,1.2000000000000028,0.1752069691526396,265.66517522378797
you,67.42,67.5,3,0.0799999999999983,0.0266666666666661,37.5000000000008,67.46000000000001,0.04000000000000625,0.044347228094219746,166.25135146651894
might,67.54,67.7,5,0.1599999999999966,0.03199999999999932,31.250000000000668,67.62,0.01999999999999602,0.09100422827657138,259.8143561093046
have,67.72,67.76,4,0.04000000000000625,0.010000000000001563,99.99999999998437,67.74000000000001,0.03999999999999204,0.04307726901607939,141.50392149661008
said,67.8,68.14,4,0.3400000000000034,0.08500000000000085,11.764705882352823,67.97,0.7000000000000028,0.08276040391761386,214.33659430583813
our,68.84,68.98,3,0.14000000000000057,0.046666666666666856,21.428571428571342,68.91,0.060000000000002274,0.05540677256448266,222.91905557223444
sites,69.04,69.34,5,0.29999999999999716,0.05999999999999943,16.666666666666824,69.19,0.01999999999999602,0.08790408856915638,216.08128356485037
were,69.36,69.48,4,0.12000000000000455,0.030000000000001137,33.33333333333207,69.42,0.03999999999999204,0.04865404298330012,191.09153569117416
set,69.52,69.74,3,0.21999999999999886,0.07333333333333296,13.636363636363706,69.63,0.020000000000010232,0.05117424813714929,190.80043485837652
along,69.76,70.02,5,0.2599999999999909,0.05199999999999818,19.230769230769905,69.89,0.060000000000002274,0.08633314580974227,194.36390211913778
too,70.08,70.2,3,0.12000000000000455,0.040000000000001514,24.99999999999905,70.14,0.09999999999999432,0.033282587908362,204.35605126695557
high,70.3,70.5,4,0.20000000000000284,0.05000000000000071,19.999999999999716,70.4,3.819999999999993,0.07262845145282987,161.76664351914778
but,74.32,74.48,3,0.1600000000000108,0.05333333333333693,18.749999999998735,74.4,0.03999999999999204,0.010999554326267128,
that's,74.52,74.74,6,0.21999999999999886,0.03666666666666648,27.272727272727412,74.63,0.04000000000000625,0.032465830969856745,210.6755721076739
what,74.78,74.9,4,0.12000000000000455,0.030000000000001137,33.33333333333207,74.84,0.01999999999999602,0.061784813874836336,224.43920883047957
we,74.92,75.0,2,0.0799999999999983,0.03999999999999915,25.000000000000533,74.96000000000001,0.0799999999999983,0.042232137069202424,247.7595698917365
did,75.08,75.34,3,0.2600000000000051,0.08666666666666838,11.538461538461311,75.21000000000001,5.280000000000001,0.05301055971382298,261.84768817896037
i,80.62,80.7,1,0.0799999999999983,0.0799999999999983,12.500000000000266,80.66,0.0799999999999983,0.19417743314185693,149.76175920393356
can,80.78,80.98,3,0.20000000000000284,0.06666666666666761,14.999999999999787,80.88,0.060000000000002274,0.2641146928224521,219.8786299499537
do,81.04,81.14,2,0.09999999999999432,0.04999999999999716,20.000000000001137,81.09,0.09999999999999432,0.17652605284992634,224.61960974038638
that,81.24,81.48,4,0.2400000000000091,0.060000000000002274,16.666666666666035,81.36,7.039999999999992,0.36541450633561967,204.99482802880686
after,88.52,88.76,5,0.2400000000000091,0.04800000000000182,20.833333333332543,88.64,0.01999999999999602,0.07792483564853701,205.7113780795941
my,88.78,88.88,2,0.09999999999999432,0.04999999999999716,20.000000000001137,88.83,0.04000000000000625,0.19485215438813394,203.71338511268507
election,88.92,89.32,8,0.3999999999999915,0.049999999999998934,20.000000000000426,89.12,0.04000000000000625,0.11428141051124299,176.20697976969475
there,89.36,89.5,5,0.14000000000000057,0.028000000000000115,35.714285714285566,89.43,0.04000000000000625,0.10706584436659558,160.9604434083585
was,89.54,89.8,3,0.2599999999999909,0.08666666666666363,11.538461538461942,89.67,0.12000000000000455,0.08671177577195496,145.1903511416136
talk,89.92,90.22,4,0.29999999999999716,0.07499999999999929,13.33333333333346,90.07,0.01999999999999602,0.12760349962651593,156.0483684689684
of,90.24,90.34,2,0.10000000000000853,0.05000000000000426,19.999999999998295,90.28999999999999,0.060000000000002274,0.07583571037889986,136.23002183366103
a,90.4,90.46,1,0.05999999999998806,0.05999999999998806,16.666666666669983,90.43,0.1600000000000108,0.10672194107015018,127.56731243537556
post,90.62,90.96,4,0.3399999999999892,0.0849999999999973,11.764705882353315,90.78999999999999,0.020000000000010232,0.06230513667756835,195.19034365941332
racial,90.98,91.34,6,0.35999999999999943,0.05999999999999991,16.666666666666693,91.16,0.03999999999999204,0.10716264466256237,166.14751430008593
america,91.38,91.8,7,0.4200000000000017,0.06000000000000024,16.6666666666666,91.59,2.4000000000000057,0.08198537131537255,133.9161903603696
in,94.2,94.28,2,0.0799999999999983,0.03999999999999915,25.000000000000533,94.24000000000001,0.060000000000002274,0.04800510005425878,115.52700643690976
such,94.34,94.56,4,0.21999999999999886,0.054999999999999716,18.181818181818276,94.45,0.0,0.14415496296030245,182.04739457980503
a,94.56,94.6,1,0.03999999999999204,0.03999999999999204,25.000000000004974,94.58,0.060000000000002274,0.13399011279213593,171.1008568808518
vision,94.66,95.04,6,0.38000000000000966,0.06333333333333495,15.789473684210124,94.85,0.6799999999999926,0.1495678850322641,166.24477269756582
how,95.72,95.92,3,0.20000000000000284,0.06666666666666761,14.999999999999787,95.82,0.060000000000002274,0.32387874003377587,154.11130947992467
we're,95.98,96.04,5,0.060000000000002274,0.012000000000000455,83.33333333333017,96.01,0.0799999999999983,0.15737246050659515,186.89611734346806
well,96.12,96.28,4,0.1599999999999966,0.03999999999999915,25.000000000000533,96.2,0.0,0.297659857266627,175.47007706994512
intended,96.28,96.76,8,0.480000000000004,0.0600000000000005,16.66666666666653,96.52000000000001,1.8599999999999994,0.09412127594932508,142.34280519889566
it,98.62,98.72,2,0.09999999999999432,0.04999999999999716,20.000000000001137,98.67,0.01999999999999602,0.01689532653581446,
was,98.74,98.9,3,0.1600000000000108,0.05333333333333693,18.749999999998735,98.82,0.01999999999999602,0.04192161433020761,127.96528461568874
never,98.92,99.1,5,0.1799999999999926,0.03599999999999852,27.77777777777892,99.00999999999999,0.060000000000002274,0.17621902333546727,149.87630824267876
realistic,99.16,99.66,9,0.5,0.05555555555555555,18.0,99.41,2.3400000000000034,0.09444636484539295,119.79545139749338
race,102.0,102.36,4,0.35999999999999943,0.08999999999999986,11.111111111111128,102.18,0.04000000000000625,0.23608959578233316,166.23327187335778
remains,102.4,102.94,7,0.539999999999992,0.077142857142856,12.962962962963154,102.67,0.060000000000002274,0.16080752657863057,171.3835829668316
a,103.0,103.1,1,0.09999999999999432,0.09999999999999432,10.000000000000568,103.05,0.12000000000000455,0.22281691855550134,178.65905921030438
potent,103.22,103.7,6,0.480000000000004,0.08000000000000067,12.499999999999897,103.46000000000001,0.7199999999999989,0.160416469141048,225.90162413929036
and,104.42,104.54,3,0.12000000000000455,0.040000000000001514,24.99999999999905,104.48,0.05999999999998806,0.12086152872079586,135.29175414721058
often,104.6,104.98,5,0.38000000000000966,0.07600000000000193,13.15789473684177,104.78999999999999,0.01999999999999602,0.22693669763877114,173.86683409036658
divisive,105.0,105.48,8,0.480000000000004,0.0600000000000005,16.66666666666653,105.24000000000001,0.0799999999999983,0.10287055326321866,159.08683242654234
force,105.56,106.04,5,0.480000000000004,0.09600000000000079,10.41666666666658,105.80000000000001,0.21999999999999886,0.1320519861130713,174.8801432112735
in,106.26,106.36,2,0.09999999999999432,0.04999999999999716,20.000000000001137,106.31,0.04000000000000625,0.06847125136783903,146.83035458963911
our,106.4,106.52,3,0.11999999999999034,0.03999999999999678,25.000000000002014,106.46000000000001,0.04000000000000625,0.1954925700388041,143.67665499204247
society,106.56,107.06,7,0.5,0.07142857142857142,14.0,106.81,2.259999999999991,0.07380255389264798,110.29271287679714
if,109.32,109.44,2,0.12000000000000455,0.060000000000002274,16.666666666666035,109.38,0.01999999999999602,0.08861174624247797,173.0884358797447
you're,109.46,109.6,6,0.14000000000000057,0.023333333333333428,42.857142857142684,109.53,0.04000000000000625,0.15296429789638386,283.23570421408994
tired,109.64,109.98,5,0.3400000000000034,0.06800000000000068,14.705882352941028,109.81,0.01999999999999602,0.2440207110743967,270.1848075804362
of,110.0,110.06,2,0.060000000000002274,0.030000000000001137,33.33333333333207,110.03,0.060000000000002274,0.11917814941298,204.11038277818074
arguing,110.12,110.56,7,0.4399999999999977,0.06285714285714253,15.909090909090992,110.34,0.01999999999999602,0.15994613290383766,242.71263235818117
with,110.58,110.66,4,0.0799999999999983,0.019999999999999574,50.000000000001066,110.62,0.060000000000002274,0.13457893123017167,196.64857684450908
strangers,110.72,111.24,9,0.519999999999996,0.05777777777777734,17.30769230769244,110.97999999999999,0.04000000000000625,0.11364091525464184,232.19687328879857
on,111.28,111.38,2,0.09999999999999432,0.04999999999999716,20.000000000001137,111.33,0.04000000000000625,0.2639868358820701,229.40835835236885
the,111.42,111.46,3,0.03999999999999204,0.01333333333333068,75.00000000001492,111.44,0.020000000000010232,0.1800880477004008,212.9538461780663
internet,111.48,111.84,8,0.35999999999999943,0.04499999999999993,22.222222222222257,111.66,1.539999999999992,0.13168499754632815,247.44094512486043
try,113.38,113.6,3,0.21999999999999886,0.07333333333333296,13.636363636363706,113.49,0.6200000000000045,0.20588370994897018,246.90594313541553
talking,114.22,114.7,7,0.480000000000004,0.06857142857142914,14.583333333333213,114.46000000000001,0.0799999999999983,0.14835829226099653,258.71120760575315
with,114.78,114.9,4,0.12000000000000455,0.030000000000001137,33.33333333333207,114.84,0.05999999999998806,0.21503916333156117,240.7565813025896
one,114.96,115.14,3,0.18000000000000682,0.060000000000002274,16.666666666666035,115.05,0.01999999999999602,0.1913920677450647,244.66679539437305
of,115.16,115.24,2,0.0799999999999983,0.03999999999999915,25.000000000000533,115.19999999999999,0.060000000000002274,0.17724623045980042,253.02607502820769
them,115.3,115.46,4,0.1599999999999966,0.03999999999999915,25.000000000000533,115.38,0.12000000000000455,0.19820570662897607,249.46208520602414
in,115.58,115.76,2,0.18000000000000682,0.09000000000000341,11.11111111111069,115.67,0.0799999999999983,0.1558312306501268,236.37747727102695
real,115.84,116.06,4,0.21999999999999886,0.054999999999999716,18.181818181818276,115.95,0.03999999999999204,0.181453559557804,245.59560773279424
life,116.1,116.4,4,0.30000000000001137,0.07500000000000284,13.333333333332828,116.25,1.3599999999999994,0.17583454165853424,230.31472358294215
if,117.76,117.9,2,0.14000000000000057,0.07000000000000028,14.285714285714228,117.83000000000001,0.03999999999999204,0.2862230830150574,206.02956907810463
you're,117.94,118.06,6,0.12000000000000455,0.020000000000000757,49.9999999999981,118.0,0.0799999999999983,0.3565243649061895,241.80820720306716
disappointed,118.14,118.92,12,0.7800000000000011,0.0650000000000001,15.384615384615362,118.53,0.23999999999999488,0.25391449192093885,273.98757715473454
by,119.16,119.36,2,0.20000000000000284,0.10000000000000142,9.999999999999858,119.25999999999999,0.1599999999999966,0.40850559878372716,230.6754805432631
your,119.52,119.7,4,0.18000000000000682,0.045000000000001705,22.22222222222138,119.61,0.0799999999999983,0.32646199896097494,258.19677216399
elected,119.78,120.2,7,0.4200000000000017,0.06000000000000024,16.6666666666666,119.99000000000001,0.01999999999999602,0.2547081231536916,234.58794135343092
officials,120.22,120.78,9,0.5600000000000023,0.06222222222222248,16.071428571428505,120.5,0.4200000000000017,0.1898530323639519,247.99041671445912
grab,121.2,121.52,4,0.3199999999999932,0.0799999999999983,12.500000000000266,121.36,0.020000000000010232,0.24760131882114894,189.8850910486609
a,121.54,121.58,1,0.03999999999999204,0.03999999999999204,25.000000000004974,121.56,0.060000000000002274,0.2445378743545955,290.0819551674944
clipboard,121.64,122.22,9,0.5799999999999983,0.06444444444444425,15.51724137931039,121.93,0.3200000000000074,0.20867489976869233,201.2210482971007
get,122.54,122.72,3,0.1799999999999926,0.059999999999997534,16.66666666666735,122.63,0.04000000000000625,0.26000840690779947,202.96520506422277
some,122.76,122.88,4,0.11999999999999034,0.029999999999997584,33.333333333336014,122.82,0.060000000000002274,0.12921619382196275,231.98640987774004
signatures,122.94,123.52,10,0.5799999999999983,0.05799999999999983,17.24137931034488,123.22999999999999,0.21999999999999886,0.150872794799401,192.6448067158377
and,123.74,123.86,3,0.12000000000000455,0.040000000000001514,24.99999999999905,123.8,0.04000000000000625,0.15682128768063885,183.26654588584216
run,123.9,124.08,3,0.1799999999999926,0.059999999999997534,16.66666666666735,123.99000000000001,0.060000000000002274,0.3004382665235035,263.9730379837625
for,124.14,124.26,3,0.12000000000000455,0.040000000000001514,24.99999999999905,124.2,0.03999999999999204,0.25808865722953783,253.05770235597083
office,124.3,124.74,6,0.4399999999999977,0.07333333333333296,13.636363636363706,124.52,0.1600000000000108,0.27394722453256104,235.5535047811664
yourself,124.9,125.44,8,0.539999999999992,0.067499999999999,14.814814814815033,125.17,1.7999999999999972,0.274921452704556,216.18286753821502
show,127.24,127.5,4,0.2600000000000051,0.06500000000000128,15.384615384615081,127.37,0.04000000000000625,0.24838499804696582,289.6007416954337
up,127.54,127.74,2,0.19999999999998863,0.09999999999999432,10.000000000000568,127.64,1.3599999999999994,0.2734505263293994,284.87944046569095
diamond,129.1,129.6,7,0.5,0.07142857142857142,14.0,129.35,2.640000000000015,0.2622081550170436,233.65759040383443
stay,132.24,132.48,4,0.23999999999998067,0.05999999999999517,16.666666666668007,132.36,0.060000000000002274,0.1436927618459214,210.28674478932135
at,132.54,132.68,2,0.14000000000001478,0.07000000000000739,14.285714285712778,132.61,0.060000000000002274,0.22837702558797382,183.39974203070113
it,132.74,132.82,2,0.07999999999998408,0.03999999999999204,25.000000000004974,132.78,2.0,0.027428539571146795,
sometimes,134.82,135.38,9,0.5600000000000023,0.06222222222222248,16.071428571428505,135.1,0.020000000000010232,0.19005317664274196,234.79623723262227
you'll,135.4,135.58,6,0.18000000000000682,0.030000000000001137,33.33333333333207,135.49,0.03999999999999204,0.21611190027800936,251.5071619715764
win,135.62,135.8,3,0.18000000000000682,0.060000000000002274,16.666666666666035,135.71,1.1599999999999966,0.19695949071991936,186.4152190062557
sometimes,136.96,137.44,9,0.47999999999998977,0.0533333333333322,18.7500000000004,137.2,0.020000000000010232,0.1538948401328856,183.58855847584263
you'll,137.46,137.56,6,0.09999999999999432,0.01666666666666572,60.00000000000341,137.51,0.060000000000002274,0.17199386373468634,227.71675755907168
lose,137.62,137.92,4,0.29999999999998295,0.07499999999999574,13.33333333333409,137.76999999999998,4.060000000000002,0.09262848143438158,209.6460692878086
robinson,141.98,142.66,8,0.6800000000000068,0.08500000000000085,11.764705882352823,142.32,0.8799999999999955,0.19249253982577283,247.2186851677857
girl,143.54,143.86,4,0.3200000000000216,0.0800000000000054,12.499999999999156,143.7,16.17999999999998,0.21941357944434192,231.9462586667657
made,160.04,160.2,4,0.1599999999999966,0.03999999999999915,25.000000000000533,160.12,0.060000000000002274,0.23965661951794787,251.33531667543517
the,160.26,160.3,3,0.040000000000020464,0.013333333333340155,74.99999999996163,160.28,0.03999999999999204,0.12750956932515403,217.4553306276437
white,160.34,160.54,5,0.19999999999998863,0.039999999999997725,25.00000000000142,160.44,0.020000000000010232,0.2603459125824747,223.92804354916336
house,160.56,160.8,5,0.2400000000000091,0.04800000000000182,20.833333333332543,160.68,0.01999999999998181,0.16504970592823792,196.09332599318085
a,160.82,160.86,1,0.040000000000020464,0.040000000000020464,24.99999999998721,160.84,0.03999999999999204,0.056353183927446725,
place,160.9,161.2,5,0.29999999999998295,0.05999999999999659,16.666666666667613,161.05,0.0,0.1471650678318392,179.46774481080254
to,161.2,161.24,2,0.040000000000020464,0.020000000000010232,49.99999999997442,161.22,0.060000000000002274,0.09984789448879536,172.16279721562563
blow,161.3,161.56,4,0.2599999999999909,0.06499999999999773,15.384615384615923,161.43,0.0,0.17210860559765317,173.86276500015066
us,161.56,161.62,2,0.060000000000002274,0.030000000000001137,33.33333333333207,161.59,0.09999999999999432,0.05144390583976584,156.46844540482073
everybody,161.72,162.22,9,0.5,0.05555555555555555,18.0,161.97,1.539999999999992,0.10014031075433664,140.61151565872063
on,163.76,163.86,2,0.10000000000002274,0.05000000000001137,19.999999999995453,163.81,0.01999999999998181,0.1028541172318415,164.8033239402185
the,163.88,163.94,3,0.060000000000002274,0.020000000000000757,49.9999999999981,163.91,0.060000000000002274,0.13489500069746424,184.27001099288836
new,164.0,164.16,3,0.1599999999999966,0.0533333333333322,18.7500000000004,164.07999999999998,0.060000000000002274,0.1546081203281133,244.15489754779387
generation,164.22,164.84,10,0.6200000000000045,0.06200000000000046,16.1290322580644,164.53,0.060000000000002274,0.17186578857149648,217.37379447834022
sets,164.9,165.18,4,0.28000000000000114,0.07000000000000028,14.285714285714228,165.04000000000002,0.01999999999998181,0.09970361907384584,206.73349019361646
it,165.2,165.3,2,0.10000000000002274,0.05000000000001137,19.999999999995453,165.25,0.060000000000002274,0.06931397033585864,186.93553971062133
sites,165.36,165.66,5,0.29999999999998295,0.05999999999999659,16.666666666667613,165.51,0.060000000000002274,0.1126275415495047,195.57336815234618
higher,165.72,166.06,6,0.3400000000000034,0.05666666666666723,17.647058823529235,165.89,0.09999999999999432,0.16411197088329474,190.0890554079324
because,166.16,166.58,7,0.4200000000000159,0.060000000000002274,16.666666666666035,166.37,0.03999999999999204,0.0992780713804876,170.63356673739636
it,166.62,166.72,2,0.09999999999999432,0.04999999999999716,20.000000000001137,166.67000000000002,0.03999999999999204,0.10845717991477943,180.94680333374527
has,166.76,166.96,3,0.20000000000001705,0.06666666666667236,14.999999999998721,166.86,0.060000000000002274,0.12340031905639444,170.62309624719987
you,167.02,167.18,3,0.1599999999999966,0.0533333333333322,18.7500000000004,167.10000000000002,0.3199999999999932,0.10285822062891335,203.45093516399754
as,167.5,167.68,2,0.18000000000000682,0.09000000000000341,11.11111111111069,167.59,0.03999999999999204,0.06544701213067325,157.80008657419742
a,167.72,167.78,1,0.060000000000002274,0.060000000000002274,16.666666666666035,167.75,0.09999999999999432,0.12375328415896367,144.59104126173125
role,167.88,168.1,4,0.21999999999999886,0.054999999999999716,18.181818181818276,167.99,0.03999999999999204,0.11400489902813907,180.9033184641079
model,168.14,168.42,5,0.28000000000000114,0.05600000000000023,17.857142857142783,168.27999999999997,2.3200000000000216,0.07699744068418453,125.13514799014916
malia,170.74,171.2,5,0.45999999999997954,0.0919999999999959,10.869565217391788,170.97,0.7800000000000011,0.20885189168919535,203.96961103550905
and,171.98,172.12,3,0.14000000000001478,0.046666666666671595,21.428571428569168,172.05,0.060000000000002274,0.06687825034852304,133.15336028135022
sassia,172.18,172.7,6,0.5199999999999818,0.08666666666666363,11.538461538461942,172.44,1.700000000000017,0.12871584853133136,181.37918641810182
of,174.4,174.52,2,0.12000000000000455,0.060000000000002274,16.666666666666035,174.46,0.07999999999998408,0.0905319773997527,136.4519311746224
all,174.6,174.96,3,0.36000000000001364,0.12000000000000455,8.333333333333018,174.78,0.1599999999999966,0.24654454047782798,219.0343889743559
that,175.12,175.24,4,0.12000000000000455,0.030000000000001137,33.33333333333207,175.18,0.03999999999999204,0.1311946549248064,169.20002161573146
i've,175.28,175.46,4,0.18000000000000682,0.045000000000001705,22.22222222222138,175.37,0.060000000000002274,0.18287256649232186,186.2376449499869
done,175.52,175.68,4,0.1599999999999966,0.03999999999999915,25.000000000000533,175.60000000000002,0.01999999999998181,0.18978615739451948,204.33053213616938
in,175.7,175.76,2,0.060000000000002274,0.030000000000001137,33.33333333333207,175.73,0.060000000000002274,0.09635940618431942,206.98954434478892
my,175.82,175.94,2,0.12000000000000455,0.060000000000002274,16.666666666666035,175.88,0.0800000000000125,0.24650012415024777,210.88672916014227
life,176.02,176.32,4,0.29999999999998295,0.07499999999999574,13.33333333333409,176.17000000000002,0.960000000000008,0.14386743846911967,148.73164051054104
i,177.28,177.38,1,0.09999999999999432,0.09999999999999432,10.000000000000568,177.32999999999998,0.03999999999999204,0.09238255440902342,148.91906372344155
am,177.42,177.48,2,0.060000000000002274,0.030000000000001137,33.33333333333207,177.45,0.060000000000002274,0.07397087653661664,160.73889129457936
most,177.54,177.74,4,0.20000000000001705,0.05000000000000426,19.999999999998295,177.64,0.060000000000002274,0.09605373674258927,172.59527445157775
proud,177.8,178.04,5,0.23999999999998067,0.047999999999996136,20.833333333335013,177.92000000000002,0.020000000000010232,0.14375513574924825,172.484636618461
to,178.06,178.12,2,0.060000000000002274,0.030000000000001137,33.33333333333207,178.09,0.03999999999999204,0.04218089705856981,
be,178.16,178.24,2,0.0800000000000125,0.04000000000000625,24.999999999996092,178.2,0.060000000000002274,0.10934775244554272,163.86602610791306
your,178.3,178.44,4,0.13999999999998636,0.03499999999999659,28.571428571431355,178.37,0.060000000000002274,0.09202927510090311,171.9232591490402
day,178.5,178.66,3,0.1599999999999966,0.0533333333333322,18.7500000000004,178.57999999999998,1.0,0.07307097559053326,112.79080053566318
for,179.66,179.8,3,0.14000000000001478,0.046666666666671595,21.428571428569168,179.73000000000002,0.060000000000002274,0.23643388326960377,170.43083738307595
too,179.86,180.0,3,0.13999999999998636,0.04666666666666212,21.428571428573516,179.93,0.0800000000000125,0.16735722019399868,249.34575534172737
many,180.08,180.3,4,0.21999999999999886,0.054999999999999716,18.181818181818276,180.19,0.03999999999999204,0.25128156257621737,234.83882321835625
of,180.34,180.44,2,0.09999999999999432,0.04999999999999716,20.000000000001137,180.39,0.0800000000000125,0.1605617602480663,164.2906646436795
us,180.52,180.66,2,0.13999999999998636,0.06999999999999318,14.285714285715677,180.59,1.6800000000000068,0.05796910453780075,208.2188835857869
it's,182.34,182.48,4,0.13999999999998636,0.03499999999999659,28.571428571431355,182.41,0.040000000000020464,0.007570734653933801,
become,182.52,182.84,6,0.3199999999999932,0.0533333333333322,18.7500000000004,182.68,0.060000000000002274,0.05636247996771782,163.03550801865586
safer,182.9,183.24,5,0.3400000000000034,0.06800000000000068,14.705882352941028,183.07,0.01999999999998181,0.10269721351961421,191.94617683390877
to,183.26,183.32,2,0.060000000000002274,0.030000000000001137,33.33333333333207,183.29,0.040000000000020464,0.09594155430814336,168.44299593045773
retreat,183.36,183.76,7,0.39999999999997726,0.057142857142853894,17.500000000000995,183.56,0.040000000000020464,0.11319642939135231,192.47494178999068
into,183.8,184.0,4,0.19999999999998863,0.04999999999999716,20.000000000001137,183.9,0.03999999999999204,0.10876371372510499,197.2549851399913
our,184.04,184.16,3,0.12000000000000455,0.040000000000001514,24.99999999999905,184.1,0.020000000000010232,0.2890625913167011,179.5562540941291
own,184.18,184.3,3,0.12000000000000455,0.040000000000001514,24.99999999999905,184.24,0.03999999999999204,0.15381714940288702,189.51120142753234
bubbles,184.34,184.68,7,0.3400000000000034,0.04857142857142906,20.58823529411744,184.51,1.539999999999992,0.12308356720591807,138.29699867612229
whether,186.22,186.48,7,0.2599999999999909,0.03714285714285585,26.923076923077865,186.35,0.040000000000020464,0.12381636201606053,134.14275383400718
in,186.52,186.58,2,0.060000000000002274,0.030000000000001137,33.33333333333207,186.55,0.03999999999999204,0.09793574591788758,147.5779161889974
our,186.62,186.74,3,0.12000000000000455,0.040000000000001514,24.99999999999905,186.68,0.03999999999999204,0.2259354511033454,140.7093256713484
neighbourhoods,186.78,187.5,14,0.7199999999999989,0.051428571428571344,19.444444444444475,187.14,0.5800000000000125,0.13264250365676147,181.2511262248931
or,188.08,188.28,2,0.19999999999998863,0.09999999999999432,10.000000000000568,188.18,0.060000000000002274,0.16148213936907801,138.4840418612909
on,188.34,188.46,2,0.12000000000000455,0.060000000000002274,16.666666666666035,188.4,0.060000000000002274,0.16827204346122457,191.43436594676234
college,188.52,188.86,7,0.3400000000000034,0.04857142857142906,20.58823529411744,188.69,0.03999999999999204,0.11287964952814727,189.6100934315716
campuses,188.9,189.52,8,0.6200000000000045,0.07750000000000057,12.903225806451518,189.21,0.9599999999999795,0.0482236812149506,181.21192799403954
or,190.48,190.7,2,0.21999999999999886,0.10999999999999943,9.090909090909138,190.58999999999997,0.14000000000001478,0.1493428883321467,149.54441819290076
places,190.84,191.22,6,0.37999999999999545,0.06333333333333258,15.789473684210716,191.03,0.020000000000010232,0.08405302666190545,174.80250687918743
abortion,191.24,191.76,8,0.5199999999999818,0.06499999999999773,15.384615384615923,191.5,1.0400000000000205,0.07661093091405738,184.94727345257752
or,192.8,192.94,2,0.13999999999998636,0.06999999999999318,14.285714285715677,192.87,0.0800000000000125,0.11094296287364626,132.81169833808326
specially,193.02,193.6,9,0.5799999999999841,0.06444444444444268,15.517241379310772,193.31,0.4000000000000057,0.08210304620658924,181.20133387647954
our,194.0,194.14,3,0.13999999999998636,0.04666666666666212,21.428571428573516,194.07,0.040000000000020464,0.12320540790433955,138.18690684031424
social,194.18,194.52,6,0.3400000000000034,0.05666666666666723,17.647058823529235,194.35000000000002,0.03999999999999204,0.07160123688577877,163.574497013878
media,194.56,194.86,5,0.30000000000001137,0.060000000000002274,16.666666666666035,194.71,0.05999999999997385,0.08899658112974987,177.20515468346184
feeds,194.92,195.26,5,0.3400000000000034,0.06800000000000068,14.705882352941028,195.08999999999997,1.8600000000000136,0.03528128859352051,116.27951064610674
surrounded,197.12,197.76,10,0.6399999999999864,0.06399999999999864,15.625000000000334,197.44,0.020000000000010232,0.14246589399785667,214.94807283741412
by,197.78,197.92,2,0.13999999999998636,0.06999999999999318,14.285714285715677,197.85,0.10000000000002274,0.1576832772645645,200.00054445562816
people,198.02,198.36,6,0.3400000000000034,0.05666666666666723,17.647058823529235,198.19,0.03999999999999204,0.0648488992911477,213.6715399714527
who,198.4,198.5,3,0.09999999999999432,0.03333333333333144,30.000000000001705,198.45,0.060000000000002274,0.09266505244942928,168.73103479272623
look,198.56,198.76,4,0.19999999999998863,0.04999999999999716,20.000000000001137,198.66,0.040000000000020464,0.10672910161936387,216.9316215133184
like,198.8,199.08,4,0.28000000000000114,0.07000000000000028,14.285714285714228,198.94,0.03999999999999204,0.1101028158778934,189.52788233277633
us,199.12,199.34,2,0.21999999999999886,0.10999999999999943,9.090909090909138,199.23000000000002,0.12000000000000455,0.07939253852193603,143.8016173582034
and,199.46,199.58,3,0.12000000000000455,0.040000000000001514,24.99999999999905,199.52,0.47999999999998977,0.04672048131224793,123.73563095186638
share,200.06,200.3,5,0.2400000000000091,0.04800000000000182,20.833333333332543,200.18,0.03999999999999204,0.13492041575927047,206.59359309344043
the,200.34,200.4,3,0.060000000000002274,0.020000000000000757,49.9999999999981,200.37,0.03999999999999204,0.07138794327153831,198.96829547413836
same,200.44,200.64,4,0.19999999999998863,0.04999999999999716,20.000000000001137,200.54,0.020000000000010232,0.1103341773558922,213.96202257796256
political,200.66,201.06,9,0.4000000000000057,0.04444444444444508,22.49999999999968,200.86,0.03999999999999204,0.09699192830034495,203.9578670233842
outlook,201.1,201.54,7,0.4399999999999977,0.06285714285714253,15.909090909090992,201.32,0.0800000000000125,0.10756055095687045,187.94475241812518
and,201.62,201.76,3,0.13999999999998636,0.04666666666666212,21.428571428573516,201.69,0.060000000000002274,0.07643011034153481,150.68605457300836
never,201.82,202.04,5,0.21999999999999886,0.043999999999999775,22.727272727272844,201.93,0.09999999999999432,0.12083470703783426,194.46477810175853
challenge,202.14,202.62,9,0.4800000000000182,0.053333333333335356,18.74999999999929,202.38,0.060000000000002274,0.09962990013382463,202.127905643215
our,202.68,202.92,3,0.23999999999998067,0.07999999999999356,12.500000000001007,202.8,0.040000000000020464,0.16103821289788614,187.24809044044062
assumptions,202.96,203.56,11,0.5999999999999943,0.05454545454545403,18.333333333333506,203.26,0.6800000000000068,0.04850830489597818,192.62527672517487
and,204.24,204.36,3,0.12000000000000455,0.040000000000001514,24.99999999999905,204.3,0.01999999999998181,0.13207841813911245,137.81098641508336
increasingly,204.38,204.98,12,0.5999999999999943,0.049999999999999524,20.00000000000019,204.68,0.30000000000001137,0.14240630966450268,204.55116649100682
we,205.28,205.4,2,0.12000000000000455,0.060000000000002274,16.666666666666035,205.34,0.07999999999998408,0.12901536690806753,219.57653549283822
become,205.48,205.78,6,0.30000000000001137,0.0500000000000019,19.999999999999243,205.63,0.0800000000000125,0.15397750522752582,215.20605890042944
so,205.86,206.02,2,0.1599999999999966,0.0799999999999983,12.500000000000266,205.94,0.07999999999998408,0.1752135839165925,253.32335972688884
secure,206.1,206.74,6,0.6400000000000148,0.10666666666666913,9.374999999999783,206.42000000000002,0.19999999999998863,0.1399127247294985,242.77920831031668
in,206.94,207.08,2,0.14000000000001478,0.07000000000000739,14.285714285712778,207.01,0.03999999999999204,0.13109546110004772,143.03487297218933
our,207.12,207.28,3,0.1599999999999966,0.0533333333333322,18.7500000000004,207.2,0.060000000000002274,0.2817477499657546,226.16901335715005
bubbles,207.34,207.74,7,0.4000000000000057,0.05714285714285795,17.49999999999975,207.54000000000002,1.9399999999999977,0.09766637270620361,130.58071097015892
that,209.68,209.86,4,0.18000000000000682,0.045000000000001705,22.22222222222138,209.77,0.05999999999997385,0.1898797136767368,162.7012004673745
we,209.92,210.02,2,0.10000000000002274,0.05000000000001137,19.999999999995453,209.97,0.09999999999999432,0.13723340165871864,215.805174380156
start,210.12,210.38,5,0.2599999999999909,0.05199999999999818,19.230769230769905,210.25,0.03999999999999204,0.15277059788546343,242.39554126207446
accepting,210.42,210.9,9,0.4800000000000182,0.053333333333335356,18.74999999999929,210.66,0.1599999999999966,0.08145604300510562,213.4912046330179
only,211.06,211.36,4,0.30000000000001137,0.07500000000000284,13.333333333332828,211.21,0.05999999999997385,0.11322292436230769,266.7707834513591
information,211.42,212.1,11,0.6800000000000068,0.06181818181818244,16.176470588235134,211.76,0.03999999999999204,0.1356353110492659,215.2919015016515
whether,212.14,212.34,7,0.20000000000001705,0.028571428571431006,34.999999999997016,212.24,0.020000000000010232,0.22462031750589517,165.4980748260333
it's,212.36,212.48,4,0.11999999999997613,0.02999999999999403,33.333333333339965,212.42000000000002,0.060000000000002274,0.04647233941015641,141.80035846592835
true,212.54,212.78,4,0.2400000000000091,0.060000000000002274,16.666666666666035,212.66,0.0800000000000125,0.1088319328218632,235.76518850212506
or,212.86,212.98,2,0.11999999999997613,0.05999999999998806,16.666666666669983,212.92000000000002,0.060000000000002274,0.24379316004973645,210.9398929966713
not,213.04,213.3,3,0.2600000000000193,0.08666666666667311,11.53846153846068,213.17000000000002,0.5600000000000023,0.1905213580322489,178.71656255206312
that,213.86,213.98,4,0.11999999999997613,0.02999999999999403,33.333333333339965,213.92000000000002,0.040000000000020464,0.1417251128219881,167.3779671185697
fits,214.02,214.28,4,0.2599999999999909,0.06499999999999773,15.384615384615923,214.15,0.03999999999999204,0.1213338722493471,183.06594624656432
our,214.32,214.42,3,0.09999999999999432,0.03333333333333144,30.000000000001705,214.37,0.020000000000010232,0.2807834691470459,197.8769325233053
opinions,214.44,214.92,8,0.47999999999998977,0.05999999999999872,16.666666666667023,214.68,0.8000000000000114,0.07048340830535721,246.93974804454507
instead,215.72,216.1,7,0.37999999999999545,0.05428571428571364,18.42105263157917,215.91,0.0,0.16354683672961423,208.2444141197683
of,216.1,216.18,2,0.0800000000000125,0.04000000000000625,24.999999999996092,216.14,0.03999999999999204,0.09063099179144651,211.4357104035455
basing,216.22,216.58,6,0.36000000000001364,0.060000000000002274,16.666666666666035,216.4,0.01999999999998181,0.15149482856905017,210.9987593978186
our,216.6,216.68,3,0.0800000000000125,0.026666666666670835,37.49999999999414,216.64,0.03999999999999204,0.2612275274452903,186.64807728616182
opinions,216.72,217.28,8,0.5600000000000023,0.07000000000000028,14.285714285714228,217.0,0.5,0.09487617179395062,212.4492428437518
on,217.78,217.94,2,0.1599999999999966,0.0799999999999983,12.500000000000266,217.86,0.03999999999999204,0.2940303913732361,193.51103316113034
the,217.98,218.02,3,0.040000000000020464,0.013333333333340155,74.99999999996163,218.0,0.07999999999998408,0.2643507537338366,197.4814428273499
evidence,218.1,218.5,8,0.4000000000000057,0.05000000000000071,19.999999999999716,218.3,0.060000000000002274,0.14027514697042134,227.5306162137846
that,218.56,218.66,4,0.09999999999999432,0.02499999999999858,40.000000000002274,218.61,0.03999999999999204,0.18325965002083056,219.34795629803955
is,218.7,218.78,2,0.0800000000000125,0.04000000000000625,24.999999999996092,218.74,0.060000000000002274,0.10765669021317077,213.41165238789011
out,218.84,219.02,3,0.18000000000000682,0.060000000000002274,16.666666666666035,218.93,0.01999999999998181,0.1947917242016426,237.1520330830093
there,219.04,219.22,5,0.18000000000000682,0.036000000000001364,27.777777777776723,219.13,1.1200000000000045,0.1386727223909926,167.50091493000735
i,220.34,220.46,1,0.12000000000000455,0.12000000000000455,8.333333333333018,220.4,0.03999999999999204,0.296853533426199,184.1061361825298
am,220.5,220.58,2,0.0800000000000125,0.04000000000000625,24.999999999996092,220.54000000000002,0.03999999999999204,0.1636353558170053,208.95258438046025
asking,220.62,221.0,6,0.37999999999999545,0.06333333333333258,15.789473684210716,220.81,0.020000000000010232,0.1980146848482155,218.49547847503413
you,221.02,221.12,3,0.09999999999999432,0.03333333333333144,30.000000000001705,221.07,0.01999999999998181,0.18420059338387876,238.33865979898232
to,221.14,221.22,2,0.0800000000000125,0.04000000000000625,24.999999999996092,221.18,0.03999999999999204,0.3413770585598188,206.3108469290603
hold,221.26,221.52,4,0.2600000000000193,0.06500000000000483,15.384615384614241,221.39,0.11999999999997613,0.22675170445861415,220.04350227519728
fast,221.64,222.1,4,0.46000000000000796,0.11500000000000199,8.695652173912894,221.87,0.0,0.3294419873187415,231.01870221848398
to,222.1,222.16,2,0.060000000000002274,0.030000000000001137,33.33333333333207,222.13,0.060000000000002274,0.12820106419256175,190.66468339758134
that,222.22,222.4,4,0.18000000000000682,0.045000000000001705,22.22222222222138,222.31,0.07999999999998408,0.26544257577100183,203.8502940758837
faith,222.48,222.84,5,0.36000000000001364,0.07200000000000273,13.888888888888362,222.66,0.3599999999999852,0.15090456844201017,236.1700811069985
written,223.2,223.5,7,0.30000000000001137,0.04285714285714448,23.333333333332448,223.35,0.020000000000010232,0.1561522513025344,197.31228565719434
into,223.52,223.72,4,0.19999999999998863,0.04999999999999716,20.000000000001137,223.62,0.060000000000002274,0.16297200050433966,245.75062657727847
our,223.78,223.88,3,0.09999999999999432,0.03333333333333144,30.000000000001705,223.82999999999998,0.03999999999999204,0.3138271126682444,238.46906365526627
founding,223.92,224.3,8,0.3800000000000239,0.047500000000002984,21.052631578946045,224.11,0.03999999999999204,0.2159272821655919,233.59291786959884
documents,224.34,224.92,9,0.5799999999999841,0.06444444444444268,15.517241379310772,224.63,1.2600000000000193,0.11707674168615699,189.87104327781842
that,226.18,226.3,4,0.12000000000000455,0.030000000000001137,33.33333333333207,226.24,0.03999999999999204,0.10228018211162201,146.20321429879277
ideal,226.34,226.64,5,0.29999999999998295,0.05999999999999659,16.666666666667613,226.49,0.060000000000002274,0.11967008864030329,214.27452998585736
whisper,226.7,227.16,7,0.46000000000000796,0.06571428571428685,15.217391304347563,226.93,0.700000000000017,0.08311540604708229,222.0789097641053
my,227.86,227.96,2,0.09999999999999432,0.04999999999999716,20.000000000001137,227.91000000000003,0.060000000000002274,0.04426191282403999,129.22310848690663
slaves,228.02,228.46,6,0.4399999999999977,0.07333333333333296,13.636363636363706,228.24,0.0,0.07102791963332065,194.7975682702729
and,228.46,228.52,3,0.060000000000002274,0.020000000000000757,49.9999999999981,228.49,0.03999999999999204,0.032163635603465135,152.50898261787287
abolitionists,228.56,229.2,13,0.6399999999999864,0.04923076923076818,20.312500000000433,228.88,0.960000000000008,0.05759070843312126,180.972676966984
that,230.16,230.32,4,0.1599999999999966,0.03999999999999915,25.000000000000533,230.24,0.0800000000000125,0.12261940772571471,160.15363223256756
spirit,230.4,230.82,6,0.4199999999999875,0.06999999999999791,14.285714285714711,230.61,0.060000000000002274,0.16731822065867757,222.47610535103743
song,230.88,231.2,4,0.3199999999999932,0.0799999999999983,12.500000000000266,231.04,0.060000000000002274,0.2024200003029387,209.51504086969425
by,231.26,231.38,2,0.12000000000000455,0.060000000000002274,16.666666666666035,231.32,0.0800000000000125,0.25409851239863723,172.79555900870835
emigrants,231.46,231.94,9,0.47999999999998977,0.0533333333333322,18.7500000000004,231.7,0.19999999999998863,0.064259634003922,176.9767109011787
and,232.14,232.24,3,0.10000000000002274,0.03333333333334091,29.99999999999318,232.19,0.060000000000002274,0.05494001960366816,133.11592771290577
home,232.3,232.54,4,0.23999999999998067,0.05999999999999517,16.666666666668007,232.42000000000002,0.040000000000020464,0.16473841732476915,200.99913047651162
steaders,232.58,233.02,8,0.4399999999999977,0.054999999999999716,18.181818181818276,232.8,0.4199999999999875,0.08196838788247654,155.09240869591667
and,233.44,233.56,3,0.12000000000000455,0.040000000000001514,24.99999999999905,233.5,0.03999999999999204,0.04772571493051587,140.97805675264175
those,233.6,233.88,5,0.28000000000000114,0.05600000000000023,17.857142857142783,233.74,0.0,0.18434085635831352,201.3919840410064
who,233.88,233.96,3,0.0800000000000125,0.026666666666670835,37.49999999999414,233.92000000000002,0.060000000000002274,0.09380386204905998,194.53335199312932
march,234.02,234.3,5,0.28000000000000114,0.05600000000000023,17.857142857142783,234.16000000000003,0.060000000000002274,0.15455010167237812,195.66567166271287
for,234.36,234.44,3,0.07999999999998408,0.02666666666666136,37.50000000000746,234.4,0.060000000000002274,0.07242248191077783,160.96130947892624
justice,234.5,234.98,7,0.47999999999998977,0.0685714285714271,14.583333333333645,234.74,1.7199999999999989,0.08144163627489837,193.3078870317985
that,236.7,236.84,4,0.14000000000001478,0.035000000000003695,28.571428571425557,236.76999999999998,0.060000000000002274,0.07832310895423537,141.1020464463269
create,236.9,237.36,6,0.46000000000000796,0.07666666666666799,13.043478260869339,237.13,0.5799999999999841,0.1134735521690793,208.86454395502537
reaffirm,237.94,238.66,8,0.7199999999999989,0.08999999999999986,11.111111111111128,238.3,0.03999999999999204,0.15071498378385464,210.14364660865698
by,238.7,238.8,2,0.10000000000002274,0.05000000000001137,19.999999999995453,238.75,0.07999999999998408,0.22670839865461118,164.30643092466923
those,238.88,239.1,5,0.21999999999999886,0.043999999999999775,22.727272727272844,238.99,0.0,0.10715072321490822,203.16614903610883
who,239.1,239.18,3,0.0800000000000125,0.026666666666670835,37.49999999999414,239.14,0.060000000000002274,0.07742009657243096,157.50907051589726
planted,239.24,239.58,7,0.3400000000000034,0.04857142857142906,20.58823529411744,239.41000000000003,0.03999999999999204,0.11255721504130027,201.01785113006358
flags,239.62,240.14,5,0.5199999999999818,0.10399999999999636,9.615384615384952,239.88,0.0800000000000125,0.13911966451699903,189.8581059962557
from,240.22,240.4,4,0.18000000000000682,0.045000000000001705,22.22222222222138,240.31,0.37999999999999545,0.06705598147739866,138.49798879692858
foreign,240.78,241.08,7,0.30000000000001137,0.04285714285714448,23.333333333332448,240.93,0.03999999999999204,0.1293736915938425,203.5417354957896
battlefields,241.12,241.78,12,0.6599999999999966,0.054999999999999716,18.181818181818276,241.45,0.03999999999999204,0.12322590737673317,187.9658718763359
to,241.82,241.88,2,0.060000000000002274,0.030000000000001137,33.33333333333207,241.85,0.03999999999999204,0.05172964852780959,138.1178898015585
the,241.92,241.98,3,0.060000000000002274,0.020000000000000757,49.9999999999981,241.95,0.0800000000000125,0.05638134672478679,128.43881575622763
surface,242.06,242.42,7,0.3599999999999852,0.05142857142856932,19.444444444445242,242.24,0.020000000000010232,0.04455786278831698,166.721373434082
of,242.44,242.5,2,0.060000000000002274,0.030000000000001137,33.33333333333207,242.47,0.020000000000010232,0.03193939285158156,153.41236123968747
the,242.52,242.56,3,0.03999999999999204,0.01333333333333068,75.00000000001492,242.54000000000002,0.03999999999999204,0.03983534847278965,200.06468369254446
move,242.6,242.82,4,0.21999999999999886,0.054999999999999716,18.181818181818276,242.70999999999998,0.8000000000000114,0.039885071755159394,139.40850513583624
a,243.62,243.72,1,0.09999999999999432,0.09999999999999432,10.000000000000568,243.67000000000002,0.0800000000000125,0.08711830696947331,138.8885542796871
created,243.8,244.34,7,0.539999999999992,0.077142857142856,12.962962962963154,244.07,0.03999999999999204,0.22742759425470238,217.46762843618274
the,244.38,244.44,3,0.060000000000002274,0.020000000000000757,49.9999999999981,244.41,0.0800000000000125,0.1108457173609686,139.3931875875634
core,244.52,244.82,4,0.29999999999998295,0.07499999999999574,13.33333333333409,244.67000000000002,0.040000000000020464,0.13810409275877245,211.3028765133561
of,244.86,244.96,2,0.09999999999999432,0.04999999999999716,20.000000000001137,244.91000000000003,0.07999999999998408,0.09826060214888131,161.61784534477516
every,245.04,245.3,5,0.2600000000000193,0.05200000000000386,19.2307692307678,245.17000000000002,0.060000000000002274,0.1175027381660698,212.16092389650927
american,245.36,245.88,8,0.5199999999999818,0.06499999999999773,15.384615384615923,245.62,0.020000000000010232,0.10077450032638413,184.423409645707
whose,245.9,246.06,5,0.1599999999999966,0.03199999999999932,31.250000000000668,245.98000000000002,0.03999999999999204,0.03956390268495325,156.44038247084418
story,246.1,246.42,5,0.3199999999999932,0.06399999999999864,15.625000000000334,246.26,0.040000000000020464,0.05655340679322971,182.87042197384773
is,246.46,246.56,2,0.09999999999999432,0.04999999999999716,20.000000000001137,246.51,0.020000000000010232,0.03552253099604892,155.75367286418924
not,246.58,246.74,3,0.1599999999999966,0.0533333333333322,18.7500000000004,246.66000000000003,0.01999999999998181,0.08609042027060292,160.35713119966653
yet,246.76,246.9,3,0.14000000000001478,0.046666666666671595,21.428571428569168,246.82999999999998,0.01999999999998181,0.06584118476034498,164.49473856688246
written,246.92,247.12,7,0.20000000000001705,0.028571428571431006,34.999999999997016,247.01999999999998,2.019999999999982,0.032264924504310864,177.08452415441306
yes,249.14,249.34,3,0.20000000000001705,0.06666666666667236,14.999999999998721,249.24,0.03999999999999204,0.05439338656954255,135.41946664590225
we,249.38,249.46,2,0.0800000000000125,0.04000000000000625,24.999999999996092,249.42000000000002,0.060000000000002274,0.10143009573328905,175.2159639346286
can,249.52,249.7,3,0.1799999999999784,0.0599999999999928,16.666666666668668,249.61,6.360000000000014,0.06370082576151087,144.49565623766685
thank,256.06,256.34,5,0.2799999999999727,0.05599999999999454,17.8571428571446,256.2,0.0,0.3301380917590854,249.90198920829067
you,256.34,256.46,3,0.12000000000000455,0.040000000000001514,24.99999999999905,256.4,7.78000000000003,0.24462645753686252,83.6380979442495
we,264.24,264.32,2,0.07999999999998408,0.03999999999999204,25.000000000004974,264.28,,0.026520163226707073,
